load_name,node
S1a,1.1
S2b,2.2
S4c,4.3
S5c,5.3
S6c,6.3
S7a,7.1
S9a,9.1
S10a,10.1
S11a,11.1
S12b,12.2
S16c,16.3
S17c,17.3
S19a,19.1
S20a,20.1
S22b,22.2
S24c,24.3
S28a,28.1
S29a,29.1
S30c,30.3
S31c,31.3
S32c,32.3
S33a,33.1
S34c,34.3
S35a,35.1
S37a,37.1
S38b,38.2
S39b,39.2
S41c,41.3
S42a,42.1
S43b,43.2
S45a,45.1
S46a,46.1
S47,47.1
S48,48.1
S49a,49.1
S49b,49.2
S49c,49.3
S50c,50.3
S51a,51.1
S52a,52.1
S53a,53.1
S55a,55.1
S56b,56.2
S58b,58.2
S59b,59.2
S60a,60.1
S62c,62.3
S63a,63.1
S64b,64.2
S65a,65.1
S65b,65.2
S65c,65.3
S66c,66.3
S68a,68.1
S69a,69.1
S70a,70.1
S71a,71.1
S73c,73.3
S74c,74.3
S75c,75.3
S76a,76.1
S76b,76.2
S76c,76.3
S77b,77.2
S79a,79.1
S80b,80.2
S82a,82.1
S83c,83.3
S84c,84.3
S85c,85.3
S86b,86.2
S87b,87.2
S88a,88.1
S90b,90.2
S92c,92.3
S94a,94.1
S95b,95.2
S96b,96.2
S98a,98.1
S99b,99.2
S100c,100.3
S102c,102.3
S103c,103.3
S104c,104.3
S106b,106.2
S107b,107.2
S109a,109.1
S111a,111.1
S112a,112.1
S113a,113.1
S114a,114.1
